{"cameraMode":{"drawMode":0,"name":"Shaded","section":"Shading Mode"},"sceneLighting":true,"audioPlay":false,"sceneViewState":{"m_AlwaysRefresh":false,"showFog":true,"showSkybox":true,"showFlares":true,"showImageEffects":true,"showParticleSystems":true,"showVisualEffectGraphs":true,"m_FxEnabled":true},"in2DMode":false,"pivot":{"x":3.555607557296753,"y":0.8727937936782837,"z":-1.6637694835662842},"rotation":{"x":0.05275541543960571,"y":0.7239550352096558,"z":-0.055718451738357547,"w":0.6854992508888245},"size":2.362461566925049,"orthographic":false}